{"base_acc": 0.48430141287284145, "contribs": [0.0007849293760955334, 0.0015698587521910667, 0.0007849293760955334, 0.0, -0.0015698587521910667, -0.0015698587521910667, 0.0007849293760955334, 0.0070643643848598, 0.0, 0.0031397175043821335, -0.0023547881282866, 0.0, 0.0023547881282866, 0.0047095762565732, 0.0007849293760955334, 0.0, -0.0015698587521910667, 0.010989011265337467, 0.0, -0.0007849293760955334, 0.0023547881282866, -0.0031397175043821335, -0.0015698587521910667, -0.0007849293760955334, 0.0023547881282866, 0.0023547881282866, -0.0015698587521910667, 0.0015698587521910667, 0.003924646880477667, -0.0007849293760955334, -0.0015698587521910667, -0.0007849293760955334, 0.0023547881282866, -0.0023547881282866, -0.0031397175043821335, 0.0031397175043821335, 0.0007849293760955334, -0.003924646880477667, -0.0015698587521910667, -0.0031397175043821335, 0.0007849293760955334, -0.005494505632668734, -0.0007849293760955334, -0.0070643643848598, -0.0007849293760955334, -0.005494505632668734, 0.0007849293760955334, 0.003924646880477667]}